{"accuracy": [0.5758101940155029, 0.6888227462768555, 0.7041997313499451, 0.7229662537574768, 0.7320601940155029, 0.741815447807312, 0.7471064925193787, 0.7514880895614624, 0.7601686716079712, 0.7672784328460693, 0.7664517164230347, 0.7747189402580261, 0.7789351940155029, 0.7824074029922485, 0.7879464030265808, 0.7900959253311157, 0.783730149269104, 0.7895998954772949, 0.7934027910232544, 0.798115074634552, 0.8024966716766357, 0.8041501045227051, 0.8068783283233643, 0.8078703880310059, 0.8092758059501648, 0.8101851940155029, 0.8106812238693237, 0.8101025223731995, 0.8130787014961243, 0.8139054179191589, 0.8209325671195984, 0.8166335821151733, 0.8187830448150635, 0.825644850730896, 0.8213459253311157, 0.8228340148925781, 0.8214285969734192, 0.8250661492347717, 0.8273809552192688, 0.8279596567153931, 0.8291997313499451, 0.8344080448150635, 0.8340773582458496, 0.8315145373344421, 0.8319278955459595, 0.8378803133964539, 0.8334986567497253, 0.8370535969734192, 0.8380456566810608, 0.8379629850387573, 0.8359788656234741, 0.8447420597076416, 0.8345733880996704, 0.8408564925193787, 0.8409391641616821, 0.8408564925193787, 0.8430059552192688, 0.8450727462768555, 0.8442460298538208, 0.8457341194152832, 0.8433366417884827, 0.8410218358039856, 0.8454034328460693, 0.8468915224075317, 0.8470568656921387, 0.8532572984695435, 0.8440806865692139, 0.8497850298881531, 0.8508597612380981, 0.851934552192688, 0.8520998954772949, 0.8530919551849365, 0.8510251045227051, 0.8525132536888123, 0.8501157164573669, 0.8527612686157227, 0.8480489253997803, 0.8540840148925781, 0.8553240895271301, 0.8567295074462891, 0.8569775223731995, 0.8563988208770752, 0.8563988208770752, 0.8567295074462891, 0.8571428656578064, 0.8578042387962341, 0.8603670597076416, 0.8557374477386475, 0.8596230149269104, 0.8596230149269104, 0.8609457612037659, 0.8620204925537109, 0.863095223903656, 0.8637565970420837, 0.8577215671539307, 0.8611937761306763, 0.86557537317276, 0.8629298806190491, 0.8609457612037659, 0.8612764477729797], "loss": [1.0450323820114136, 0.75221186876297, 0.7011072635650635, 0.662837028503418, 0.6387004256248474, 0.6164678931236267, 0.5961848497390747, 0.5875818133354187, 0.5698632001876831, 0.5619519352912903, 0.5519483685493469, 0.5386500954627991, 0.5350885391235352, 0.5257992148399353, 0.5200819373130798, 0.5092658996582031, 0.5044823288917542, 0.5009702444076538, 0.49872827529907227, 0.48938584327697754, 0.476794570684433, 0.47213301062583923, 0.47237351536750793, 0.46520814299583435, 0.4640549421310425, 0.46102890372276306, 0.45838600397109985, 0.4523550271987915, 0.4477074444293976, 0.4482768774032593, 0.44119927287101746, 0.4377615749835968, 0.43628236651420593, 0.43013525009155273, 0.4304792582988739, 0.42803239822387695, 0.42799192667007446, 0.42754560708999634, 0.42361462116241455, 0.41649046540260315, 0.41910794377326965, 0.41336026787757874, 0.4108078181743622, 0.4054275155067444, 0.4091547429561615, 0.3990490138530731, 0.4069594442844391, 0.39752310514450073, 0.3978140354156494, 0.39360976219177246, 0.3964165449142456, 0.3895837664604187, 0.3999831974506378, 0.39244911074638367, 0.3886733949184418, 0.38932013511657715, 0.3866710364818573, 0.3804844915866852, 0.3748956620693207, 0.3796694576740265, 0.38091015815734863, 0.37964561581611633, 0.37468716502189636, 0.3702206611633301, 0.36954042315483093, 0.36485323309898376, 0.37116432189941406, 0.36843207478523254, 0.3672371804714203, 0.36233842372894287, 0.363667368888855, 0.360671728849411, 0.3676455318927765, 0.3657662868499756, 0.3659387528896332, 0.36087021231651306, 0.36268752813339233, 0.35794296860694885, 0.3526902496814728, 0.35290995240211487, 0.3506392240524292, 0.3515874445438385, 0.34767380356788635, 0.345960795879364, 0.3388553559780121, 0.34472572803497314, 0.344495952129364, 0.35369864106178284, 0.3478289842605591, 0.34298306703567505, 0.34270504117012024, 0.33672332763671875, 0.3373372256755829, 0.3365269899368286, 0.3470466136932373, 0.341938316822052, 0.3309658467769623, 0.3366237282752991, 0.3421722948551178, 0.3320087194442749], "val_accuracy": [0.6908068656921387, 0.7202380895614624, 0.7344576716423035, 0.7513227462768555, 0.7625661492347717, 0.7701719403266907, 0.7652116417884827, 0.7751322984695435, 0.7810846567153931, 0.7724867463111877, 0.7900132536888123, 0.7880290746688843, 0.7936508059501648, 0.7979497313499451, 0.7939814925193787, 0.7966269850730896, 0.8052248954772949, 0.7992724776268005, 0.8068783283233643, 0.8171296119689941, 0.8022486567497253, 0.8131613731384277, 0.8118386268615723, 0.8141534328460693, 0.8191137313842773, 0.817460298538208, 0.8161375522613525, 0.8224206566810608, 0.8257275223731995, 0.8207672238349915, 0.8207672238349915, 0.8283730149269104, 0.8234127163887024, 0.8320105671882629, 0.8310185074806213, 0.8283730149269104, 0.8320105671882629, 0.8316798806190491, 0.8273809552192688, 0.8320105671882629, 0.8323412537574768, 0.8382936716079712, 0.8475528955459595, 0.8369709253311157, 0.8416005373001099, 0.8422619104385376, 0.836309552192688, 0.8359788656234741, 0.8336640000343323, 0.8435846567153931, 0.8416005373001099, 0.8422619104385376, 0.8406084775924683, 0.8445767164230347, 0.8452380895614624, 0.8376322984695435, 0.8442460298538208, 0.8396164178848267, 0.8452380895614624, 0.8409391641616821, 0.846230149269104, 0.8452380895614624, 0.8475528955459595, 0.8402777910232544, 0.8475528955459595, 0.8498677015304565, 0.8498677015304565, 0.8468915224075317, 0.8439153432846069, 0.8478835821151733, 0.8495370149612427, 0.8521825671195984, 0.8521825671195984, 0.851190447807312, 0.8425925970077515, 0.8482142686843872, 0.8478835821151733, 0.8498677015304565, 0.851190447807312, 0.8495370149612427, 0.8521825671195984, 0.8558201193809509, 0.8468915224075317, 0.8498677015304565, 0.8508597612380981, 0.8521825671195984, 0.8501983880996704, 0.8551587462425232, 0.8548280596733093, 0.8465608358383179, 0.8578042387962341, 0.8538359999656677, 0.8501983880996704, 0.8525132536888123, 0.8528439402580261, 0.851190447807312, 0.8528439402580261, 0.8544973731040955, 0.846230149269104, 0.851190447807312],